id;stable_id;date;title;price
1;52357;2020-06-04T03:17:47;Som Engineer;17993
2;81119;2020-06-04T14:12:20;schemas;76636
3;90883;2020-06-04T02:47:52;virtual non-volatile;70654
4;51679;2020-06-04T17:52:12;Branding;51149
5;64813;2020-06-03T22:07:00;Garden Kids;3535
6;36267;2020-06-03T21:53:22;transmitting Zloty;51165
7;45847;2020-06-04T09:19:23;Falls Pants protocol;12169
8;14887;2020-06-04T08:08:25;value-added;11410
9;94495;2020-06-04T19:48:14;green Books Wyoming;68452
10;12507;2020-06-04T12:57:14;Investment Account logistical portal;92613
